alder,Forskolelarare,Lagmellanstdlr,Amneslarare,PrakEstLarare,Yrkeslarare,Humanist,Konstutb,Teolog,Biblinfo,Ekonom,Personalvetare,Jurist,Journalist,Psykolog,Samhbetvet,Biolog,Systvet,Fysiker,Geovet,Kemist,Matstat,Arkitekt,Civ_ing,Hgsk_ing,Agronom,Veterinar,Apotekare,Arbterap,Biomed_analyt,Lakare,Receptarie,Sjukgymn,Sjukskoterska,Soc_omsorg,Socionom,Tandhyg,Tandlakare,Akademiker_totalt,GymnTotal,GymnNatv,GymnSamhv
19,"69944,98","69944,98","69944,98","69944,98","69944,98","69944,98","69944,98","69944,98","69944,98","69944,98","69944,98","69944,98","69944,98","69944,98","69944,98","69944,98","69944,98","69944,98","69944,98","69944,98","69944,98","69944,98","69944,98","69944,98","69944,98","69944,98","69944,98","69944,98","69944,98","69944,98","69944,98","69944,98","69944,98","69944,98","69944,98","69944,98","69944,98","69944,98","93405,0929","94549,4926","92837,19552"
20,"207579,7132","207579,7132","207579,7132","207579,7132","207579,7132","207579,7132","207579,7132","207579,7132","207579,7132","207579,7132","207579,7132","207579,7132","207579,7132","207579,7132","207579,7132","207579,7132","207579,7132","207579,7132","207579,7132","207579,7132","207579,7132","207579,7132","207579,7132","207579,7132","207579,7132","207579,7132","207579,7132","207579,7132","207579,7132","207579,7132","207579,7132","207579,7132","207579,7132","207579,7132","207579,7132","207579,7132","207579,7132","207579,7132","287499,8854","291262,0422","285897,413"
21,"345214,4464","345214,4464","345214,4464","345214,4464","345214,4464","345214,4464","345214,4464","345214,4464","345214,4464","345214,4464","345214,4464","345214,4464","345214,4464","345214,4464","345214,4464","345214,4464","345214,4464","345214,4464","345214,4464","345214,4464","345214,4464","345214,4464","345214,4464","345214,4464","345214,4464","345214,4464","345214,4464","345214,4464","345214,4464","345214,4464","345214,4464","345214,4464","345214,4464","345214,4464","345214,4464","345214,4464","345214,4464","345214,4464","489730,1829","496513,9591","487141,1315"
22,"524938,4685","482849,1797","482849,1797","482849,1797","482849,1797","482849,1797","482849,1797","482849,1797","482849,1797","482849,1797","482849,1797","482849,1797","482849,1797","482849,1797","482849,1797","482849,1797","482849,1797","482849,1797","482849,1797","482849,1797","482849,1797","482849,1797","482849,1797","482849,1797","482849,1797","482849,1797","482849,1797","482849,1797","521172,4952","482849,1797","482849,1797","482849,1797","482849,1797","482849,1797","482849,1797","549799,1942","482849,1797","482849,1797","699924,4084","710179,1345","696417,2067"
23,"740054,5257","703537,4484","620483,9129","659885,7784","682464,591","674477,2431","620483,9129","620483,9129","620483,9129","620483,9129","649850,3327","620483,9129","686871,2176","620483,9129","620483,9129","620483,9129","620483,9129","620483,9129","620483,9129","620483,9129","620483,9129","620483,9129","620483,9129","704828,2522","620483,9129","620483,9129","620483,9129","700686,4844","728445,1511","620483,9129","739951,2963","696965,0986","725816,4937","684970,8308","671242,9987","756870,0646","620483,9129","620483,9129","917753,8501","931902,7042","913356,193"
24,"957059,2814","921660,7469","806391,4743","875088,9985","886703,7262","872866,3325","812302,5504","825394,6235","836343,3387","835925,6045","849842,7924","795889,4122","897058,003","758118,6461","810060,9915","831829,6132","840476,433","827912,8287","834278,409","818989,5436","836153,3475","758118,6461","798574,6643","935014,5101","811573,6302","758118,6461","758118,6461","915680,6815","940212,8636","758118,6461","995817,9031","909322,1487","964224,7325","885279,8771","898868,9484","967094,9689","758118,6461","840500,9088","1142927,476","1161434,324","1137688,45"
25,"1175320,973","1142676,775","1029172,837","1094882,311","1097044,446","1077017,565","1024339,678","1031143,671","1052741,839","1053859,249","1059188,954","1013953,098","1117225,605","1022143,24","1006046,482","1044761,33","1069364,945","1038091,411","1048596,087","1019816,691","1064463,977","1003271,983","1025205,233","1177303,199","1012039,778","1005993,61","1033160,877","1133584,215","1156228,44","956332,7811","1253289,553","1125663,507","1205292,044","1090968,9","1129239,185","1179822,412","1023835,812","1065618,955","1370861,416","1393961,251","1364823,121"
26,"1395384,966","1366294,624","1255625,771","1318191,423","1312500,67","1286847,727","1241030,635","1243646,73","1271741,222","1282248,521","1278215,375","1251289,987","1347240,841","1281207,868","1214200,895","1263700,517","1310274,133","1255745,874","1271060,157","1229956,779","1305607,286","1247524,369","1270511,873","1430763,86","1224027,043","1251932,133","1306055,923","1354283,576","1376484,239","1219682,89","1512757,847","1345835,071","1448626,099","1301924,986","1362377,444","1395521,803","1289543,919","1300566,28","1605281,719","1633432,174","1598471,216"
27,"1617196,241","1592481,201","1485676,658","1544920,781","1532910,093","1502141,253","1462205,553","1462753,501","1493240,468","1522947,26","1506515,443","1507195,966","1586654,374","1543614,457","1434163,732","1488479,649","1562621,048","1480872,102","1501387,9","1449082,139","1558862,037","1499213,563","1533459,892","1694592,394","1447154,682","1505694,401","1584190,623","1577652,945","1600808,187","1502017,047","1774160,819","1569700,275","1694186,174","1518003,379","1598282,169","1614095,211","1561934,042","1545005,476","1846133,131","1879777,607","1838535,238"
28,"1840733,056","1821168,46","1719220,946","1774941,999","1758108,029","1722714,521","1687635,022","1688312,457","1717200,584","1783074,965","1743775,38","1780218,987","1835048,947","1809304,065","1665575,568","1718869,199","1825507,204","1713465,894","1739265,054","1676894,013","1823360,823","1757898,03","1812942,581","1968045,496","1681009,61","1766734,041","1867515,273","1803631,592","1829093,856","1802809,11","2037468,264","1797157,451","1941930,276","1739025,105","1836918,782","1835478,628","1840848,269","1798610,669","2092828,955","2132435,987","2084481,886"
29,"2065941,453","2052321,987","1956184,83","2008160,531","1987932,041","1948382,709","1917147,939","1920141,758","1943551,435","2061232,654","1989588,426","2069738,453","2091951,179","2078185,592","1908044,16","1954670,515","2098503,169","1954578,368","1984378,424","1913034,471","2098625,965","2023239,038","2108332,322","2250624,628","1925210,917","2034779,561","2155948,242","2032126,144","2061166,658","2116705,589","2302618,086","2028069,904","2191782,204","1964844,075","2078285,578","2059575,188","2126191,891","2060630,165","2345362,895","2391364,279","2336231,232"
30,"2293137,798","2286019,987","2197311,723","2245725,539","2223490,108","2178893,029","2150801,105","2159022,465","2173475,568","2356939,933","2243467,084","2373371,909","2356471,075","2350314,283","2161173,197","2195477,125","2381666,426","2205752,128","2233281,329","2157179,999","2383291,069","2294034,429","2417262,216","2542176,97","2177901,875","2307796,868","2450242,2","2263152,163","2296509,889","2442848,637","2570293,586","2262447,166","2443605,734","2195144,843","2322230,326","2286095,402","2417511,181","2330776,689","2601941,091","2654597,539","2592048,861"
31,"2521935,438","2522085,264","2441670,263","2486299,445","2463429,039","2414127,896","2388146,704","2403888,576","2405680,005","2666930,132","2504780,324","2687604,724","2628233,538","2625455,477","2424126,077","2441292,186","2674110,304","2466242,06","2488363,982","2408778,454","2677301,082","2571076,279","2736433,628","2841905,653","2439607,431","2587353,934","2749506,438","2496510,076","2535380,794","2780828,789","2839760,313","2500044,626","2697452,367","2429880,199","2568831,8","2515129,928","2714963,191","2608664,756","2863911,364","2923496,538","2853271,5"
32,"2752313,514","2760451,813","2689153,642","2729753,354","2707582,109","2653870,35","2628990,16","2654562,337","2640092,433","2988102,264","2773201,082","3012042,184","2906842,156","2903549,764","2696497,409","2691882,901","2973894,574","2735572,274","2749334,884",2667351,"2977730,552","2854133,882","3065393,169","3149232,946","2709968,114","2873259,772","3052626,819","2732137,644","2777606,371","3130256,187","3110955,678","2740760,273","2953249,359","2668905,186","2818056,343","2746613,519","3016924,511","2893973,193","3130838,032","3197784,075","3119415,372"
33,"2984216,481","3001116,264","2939693,084","2975991,41","2955784,858","2897937,611","2873053,064","2910712,765","2876610,181","3319981,763","3048370,888","3346238,479","3191868,336","3184473,457","2977944,863","2946846,684","3279476,644","3013266,791","3015901,252","2932614,668","3284250,15","3143008,303","3403739,144","3461563,865","2988593,551","3165323,287","3359024,725","2969942,347","3023079,037","3490792,805","3383848,998","2984489,641","3210955,606","2912007,732","3069901,932","2980449,283","3322912,169","3186380,736","3402248,211","3477015,44","3390029,182"
34,"3217623,354","3244012,467","3193181,578","3224884,552","3207907,042","3146178,824","3120072,869","3172049,264","3115194,468","3662145,594","3329962,51","3689747,695","3482915,523","3468166,922","3268126,014","3205994,612","3590605,156","3298879,631","3287800,921","3204226,213","3596481,939","3437500,499","3751017,961","3778535,237","3275154,896","3463353,273","3668636,955","3209829,204","3271626,863","3862048,545","3658409,52","3231130,574","3470528,724","3159074,448","3324337,151","3216540,273","3632837,708","3485566,029","3678010,994","3761072,341","3664940,671"
35,"3453487,577","3489054,124","3450397,574","3477062,888","3464492,717","3399355,605","3368962,843","3438390,185","3356028,448","4014042,187","3616090,567","4042392,14","3778591,477","3754637,623","3566319,816","3469097,471","3909287,945","3591455,119","3566684,013","3481902,48","3913734,551","3736829,37","4106372,823","4099497,223","3568412,98","3765228,489","3980532,548","3451857,78","3523107,85","4243429,829","3933849,903","3480707,523","3731898,967","3409735,023","3581160,857","3454774,109","3946580,297","3790140,816","3954450,192","4046087,605","3940514,546"
36,"3690758,95","3736257,381","3710216,265","3731688,403","3724515,044","3656138,999","3620407,979","3709595,215","3598757,854","4375272,475","3907869,451","4403516,409","4079401,6","4043728,096","3870456,351","3736004,363","4232926,907","3888860,791","3850375,304","3765300,03","4236029,346","4039711,315","4469790,762","4424417,88","3866991,361","4070924,247","4295499,971","3695817,161","3777383,019","4634012,332","4210855,542","3732960,107","3994920,958","3663998,894","3840494,428","3695100,932","4264081,809","4098957,269","4234202,871","4334868,808","4219361,115"
37,"3929448,672","3985554,678","3972566,668","3988567,993","3987829,973","3916351,677","3874188,667","3985519,132","3843343,543","4745309,94","4204974,592","4772673,863","4384564,97","4335314,126","4179857,089","4006526,165","4561217,442","4190747,684","4138609,203","4054135,515","4563037,278","4346005,068","4840818,619","4752986,119","4170265,754","4380256,485","4613527,028","3941613,218","4034349,319","5033171,204","4489363,746","3987756,762","4259554,513","3921691,629","4102205,269","3937423,67","4585253,473","4411738,316","4517378,547","4627491,522","4501547,939"
38,"4169469,073","4236877,189","4237377,685","4247574,549","4254278,405","4179785,122","4130143,334","4265984,986","4089717,096","5123731,202","4505661,12","5149468,793","4692689,23","4629335,581","4494294,22","4280473,653","4893854,847","4496815,03","4431088,932","4347094,392","4894429,201","4655620,301","5219054,832","5084787,36","4477989,087","4693143,487","4934550,314","4189151,744","4293833,356","5440607,227","4769343,579","4244993,707","4525759,373","4182564,35","4366259,09","4181644,038","4910006,394","4728308,877","4803282,233","4923301,847","4786433,204"
39,"4410830,024","4490194,493","4504545,645","4508615,42","4523701,162","4446261,846","4388081,236","4550815,723","4337775,054","5509949,303","4809498,153","5533117,724","5003463,529","4925700,102","4813539,832","4557657,503","5230534,321","4806761,957","4727435,891","4643353,414","5229827,451","4968364,444","5603972,948","5419562,058","4789864,976","5009400,944","5258506,303","4438339,643","4555610,352","5856021,051","5050764,024","4504505,931","4793462,268","4446374,14","4632621,508","4427698,74","5238251,556","5048442,726","5092335,088","5222770,368","5074393,581"
40,"4653491,01","4745639,461","4773842,731","4772386,517","4796837,61","4715749,613","4646564,881","4840194,293","4587951,593","5901819,539","5116386,447","5923030,208","5315991,009","5223608,12","5136700,433","4835442,082","5570040,021","5120239,193","5029268,76","4942641,538","5567308,874","5283561,637","5991722,54","5754709,069","5102702,528","5326225,478","5583075,71","4689142,033","4819814,568","6277779,835","5331832,628","4766162,204","5062740,466","4712882,105","4901221,618","4674394,471","5567997,645","5371400,06","5382716,361","5523948,324","5363639,618"
41,"4897382,107","5002978,682","5045287,095","5037986,348","5072646,653","4987928,246","4906633,634","5133654,852","4839611,616","6299852,257","5425952,662","6318589,334","5630590,28","5523019,666","5464150,346","5116037,296","5912963,619","5436897,364","5333420,128","5244784,202","5908111,103","5601595,943","6384658,442","6092078,663","5419139,918","5646109,398","5910417,208","4941439,594","5086003,918","6706828,973","5614231,183","5029799,462","5333437,05","4982016,126","5172092,999","4922713,157","5901025,767","5697460,348","5674849,697","5827306,004","5654521,384"
42,"5142480,428","5262086,94","5318807,226","5305289,15","5351000,255","5262619,836","5168098,043","5430988,011","5092688,16","6703678,42","5737984,269","6719390,766","5947002,328","5823752,328","5795611,508","5399225,823","6258951,307","5756435,278","5639715,159","5549558,439","6251906,958","5922376,749","6782374,805","6431362,417","5738884,738","5968920,889","6240518,036","5195138,938","5354076,91","7142813,33","5897897,208","5295286,531","5605478,445","5253604,858","5445200,994","5172560,541","6237197,005","6026346,603","5968987,524","6133138,042","5947337,58"
43,"5388730,466","5522916,103","5594299,054","5574201,367","5631737,987","5539615,248","5430768,545","5731293,585","5347111,948","7112816,301","6052218,796","7125085,948","6264916,971","6125784,216","6130805,745","5684851,077","6607748,839","6078551,633","5947978,907","5856741,175","6598369,146","6245711,458","7184465,66","6772200,632","6061741,434",6294528,"6573264,209","5450145,395","5623866,349","7585434,194","6182799,628","5562524,801","5878823,941","5527476,868","5720543,71","5423872,459","6576472,782","6357883,592","6264653,272","6440987,2","6241603,909"
44,"5636109,181","5785400,123","5871658,382","5844597,033","5914699,333","5818767,536","5694484,279","6033978,668","5602781,995","7526896,639","6368443,514","7535270,296","6584023,936","6429041,986","6469505,208","5972725,935","6959002,183","6402896,719","6257985,608","6166109,221","6947122,204","6571458,263","7590580,921","7114233,518","6387417,374","6622798,647","6908642,695","5706364,205","5895237,777","8034392,7","6468907,283","5831415,575","6153432,738","5803460,637","5998086,291","5676552,233","6918764,148","6691794,104","6561517,508","6750493,381","6536982,115"
45,"5884440,274","6048983,359","6149976,45","6116961,287","6200412,873","6098355,606","5951397,608","6341883,8","5860181,43","7944078,493","6687560,564","7948515,933","6902374,69","6733082,824","6810744,776","6260757,461","7309532,811","6729120,713","6567694,895","6477439,271","7300662,689","6893870,999","7995125,761","7453167,739","6715330,245","6953389,704","7249271,843","5963461,876","6168084,615","8488828,314","6758201,563","6101581,935","6429159,314","6081351,007","6277725,939","5931015,594","7264834,158","7026740,893","6863068,406","7065408,735","6836885,801"
46,"6133819,989","6314147,692","6429975,442","6390627,538","6488069,58","6379694,327","6208926,974","6651976,936","6118724,885","8365330,872","7008202,974","8365427,525","7221341,02","7038199,28","7154973,092","6550136,973","7661884,577","7056921,967","6878680,528","6790507,904","7655910,764","7218396,728","8402820,31","7792614,541","7045521,133","7286326,521","7592440,439","6221548,41","6442244,564","8948937,918","7048623,322","6373167,796","6706033,734","6361041,833","6559527,274","6186654,906","7613753,826","7363647,799","7165788,737","7382008,128","7137847,06"
47,"6384225,064","6580827,012","6711551,264","6665469,03","6777508,043","6662606,942","6466864,372","6964167,727","6378310,674","8790229,828","7330056,16","8785657,163","7540665,523","7344368,937","7501962,626","6840599,862","8015756,526","7385998,712","7190818,894","7105091,578","8012437,554","7544847,106","8813320,104","8132270,365","7377794,318","7621527,231","7938083,799","6480500,502","6717582,899","9414422,613","7340108,92","6646041,731","6984014,937","6642394,233","6843455,133","6443343,386","7965383,029","7702238,621","7469788,961","7700439,096","7439962,387"
48,"6646684,063","6848987,575","6994631,959","6941358,895","7068566,757","6946916,6","6725056,369","7278365,701","6638900,408","9218351,291","7652905,713","9208856,803","7859989,364","7651518,026","7851435,438","7132015,105","8370847,582","7716000,765","7503835,546","7420966,63","8369959,962","7873083,245","9226225,514","8471781,262","7711857,148","7958808,775","8286137,09","6740259,955","7005080,558","9884926,861","7632626,498","6920137,42","7263028,826","6925236,38","7129474,242","6710275,352","8319631,929","8042287,712","7774849,961","8020494,041","7743001,731"
49,"6910313,821","7131630,541","7279113,16","7233098,447","7374184,017","7245482,968","6983322,059","7594428,639","6900392,151","9649271,067","7991432,973","9634566,834","8192124,447","7959572,623","8203113,468","7424203,26","8726856,545","8046577,817","7817556,387","7737957,563","8728146,134","8203015,714","9641191,804","8824103,402","8047513,655","8298038,467","8636586,485","7013835,94","7293709,216","10360151,44","7939211,567","7208358,109","7556134,551","7222463,816","7432445,08","6978256,091","8676410,534","8383569,301","8080873,028","8342066,597","8046854,029"
50,"7175229,013","7415617,881","7583367,283","7526389,876","7681821,502","7544750,114","7253645,041","7928196,948","7180977,282","10097203,91","8331053,814","10080677,4","8525844,702","8269632,679","8573390,435","7733966,726","9098342,54","8394313,107","8145127,766","8072677,55","9102005,142","8533835,491","10072367,62","9173393,195","8405679,217","8641145,386","8989135,517","7288025,19","7583526,526","10840306,54","8246862,312","7497529,169","7850593,216","7521152,077","7737788,703","7249642,368","9040017,786","8742790,745","8384874,447","8661964,049","8348601,184"
51,"7441213,111","7701215,625","7889184,61","7820719,647","7990896,606","7845114,959","7524015,627","8263926,039","7462671,205","10547407,55","8671231,443","10528972,55","8859564,958","8601249,787","8945752,096","8044626,423","9470427,107","8742308,395","8473330,979","8408354,871","9476151,133","8886759,967","10505156,32","9522682,989","8765265,869","9006694,257","9364689,72","7563013,863","7874214,792","11347102,59","8555682,694","7787823,861","8146195,119","7821080,735","8045454,088","7521913,614","9426763,703","9103130,703","8689553,452","8982980,695","8651017,142"
52,"7708247,016","7988362,612","8196500,199","8115998,725","8301252,371","8146406,188","7794386,213","8601532,05","7745441,481","10999522,78","9011706,58","10979056,05","9193285,213","8934022,519","9319927,05","8356009,272","9842866,689","9090303,684","8801951,867","8744772,101","9850297,123","9241323,357","10939224,82","9871972,782","9126030,955","9374224,187","9742805,918","7838748,787","8165643,327","11858120,98","8865645,8","8079115,829","8442903,994","8122148,574","8355444,427","7795042,754","9816229,749","9464369,72","8995324,086","9305364,991","8954510,577"
53,"7976279,078","8277030,077","8505249,11","8412105,563","8612764,345","8448452,486","8064756,798","8940879,728","8029223,673","11453134,79","9352270,151","11430531,64","9527005,469","9267884,228","9695694,126","8667990,489","10215320,08","9438298,972","9130825,63","9081760,109","10224443,11","9597444,122","11374185,77","10221262,58","9487682,464","9743609,067","10123477,95","8115144,251","8457681,44","12373013,89","9176692,864","8371311,256","8740683,58","8424155,82","8667697,205","8068906,794","10208332,17","9826288,345","9301680,258","9628390,204","9258581,961"
54,"8245273,53","8567156,859","8815301,955","8708951,125","8925275,569","8751082,539","8335127,384","9281833,815","8313921,351","11907828,74","9692833,723","11883003,08","9860725,724","9602768,266","10072781,93","8980493,584","10587773,46","9786294,261","9459738,11","9419053,178","10598589,1","9954941,793","11809706,1","10570552,37","9849977,738","10114671,83","10506648,55","8392114,545","8750198,444","12891490,02","9488796,972","8664316,324","9039497,612","8726968,403","8982215,613","8343446,687","10602987,2","10188667,13","9608568,419","9951997,72","9563178,437"
55,"8515278,892","8859391,39","9126493,975","9006783,129","9239033,407","9053432,915","8605497,97","9625800,086","8599984,384","12360072,16","10032950,36","12336997,84","10197414,74","9940847,736","10451478,14","9293345,479","10960226,85","10134289,55","9782228,053","9756482,175","10972517,01","10315022,1","12242712,6","10917915,72","10214717,22","10490158,1","10895500,72","8670128,182","9043383,512","13416871,97","9804220,086","8958616,344","9339350,401","9030244,887","9298782,082","8619855,292","11002423,3","10552302,14","9914456,019","10274510,05","9866787,322"
56,"8786147,691","9153033,589","9438859,402","9305144,44","9553478,085","9356023,493","8875868,556","9971163,382","8886836,473","12812565,46","10373066,99","12791252,28","10534103,75","10279825,69","10831054,71","9606469,682","11332680,24","10482284,84",10104718,"10093911,17","11346444,92","10676223,83","12675719,11","11265279,08","10579616,54","10867138,16","11286767,13","8948546,654","9336786,565","13945282,26","10120626,88","9253507,918","9640132,545","9334025,21","9617585,458","8896762,08","11404026,65","10915958,5","10221132,07","10597885,39","10171174,44"
57,"9057830,008","9448022,038","9752268,919","9603945,829","9868484,881","9658652,991","9146239,141","10317787,5","9174445,075","13265058,75","10713183,62","13245506,72","10870792,76","10619686,84","11211189,29","9919693,117","11705133,62","10830280,13","10427207,94","10431340,17","11720372,83","11038415,2","13108725,61","11612642,43","10944515,87","11245432,89","11680389,79","9227316,602","9630276,631","14476369,87","10437716,99","9548864,24","9941807,765","9638142,618","9938199,129","9174075,225","11807707,88","11279614,85","10528495,49","10922013,11","10476240,01"
58,"9330308,495","9744327,852","10066657,62","9903065,479","10183896,49","9961282,49","9416609,727","10665639,75","9462713,461","13717552,05","11053300,26","13699761,16","11207481,77","10960363,82","11591660,21","10232916,55","12077587,01","11178275,41","10749697,88","10768769,17","12094300,73","11401514,2","13541732,11","11960005,79","11309415,19","11624966,26","12076310,68","9506352,011","9923766,697","15009783,72","10755430,9","9844591,162","10244339,78","9942430,357","10260335,43","9451735,155","12213335,6","11643271,21","10836316,36","11246641,55","10781757,1"
59,"9603565,807","10041922,15","10381960,6","10202381,58","10499555,6","10263911,99","9686980,313","11014532,16","9751609,091","14170045,35","11393416,89","14154015,6","11544170,79","11301841,34","11972245,79","10546139,99","12450040,4","11526270,7","11072187,83","11106198,17","12468228,64","11765339,3","13974738,62","12307369,15","11674314,51","12005559,14","12474523,58","9785566,867","10217256,76","15545229,86","11073760,85","10140594,53","10547659,34","10246754,49","10583964,72","9729650,044","12620891,71","12006927,57","11144689,54","11571874,53","11087819,34"
60,"9877826,968","10341504,79","10698333,3","10502092,31","10815584,25","10569852,1","9957350,899","11366798,4","10042499,66","14620463,64","11739352,77","14611327,89","11881493,76","11644320,13","12357885,29","10859363,42","12822493,79","11874265,99","11394677,77","11443627,16","12842156,55","12131331,61","14405926,44","12653428,04","12043249,28","12390652,65","12876302,76","10064982,97","10510811,41","16084919,54","11393635,88","10436863,85","10851834,34","10551229,92","10909279,42","10008276,52","13031218,78","12372128,63","11451427,88","11895318,05","11392267,94"
61,"10152768,41","10642291,02","11015212,58","10801821,05","11131612,91","10875792,2","10227721,48","11719945,5","10333860,3","15070881,93","12085288,66","15068640,18","12218816,73","11987465,74","12743524,78","11172586,86","13194947,17","12222261,28","11717167,71","11781056,16","13216084,46","12497789,59","14837114,27","12999486,94","12412184,05","12776614,23","13279981,96","10344406,5","10804366,05","16626062,46","11714062,57","10733188,69","11156691,74","10855705,35","11236081,81","10286974,56","13443330,95","12737329,7","11759654,93","12220391,09","11698185,96"
62,"10428372,75","10944251,82","11332520,68","11101549,78","11447641,56","11181732,31","10498092,07","12073835,75","10625658,17","15521300,22","12431224,54","15525952,47","12556139,7","12331210,73","13129164,28","11485810,29","13567400,56","12570256,57","12039657,66","12118485,16","13590012,37","12864630,67","15268302,09","13345545,84","12781118,81","13163262,19","13685564,73","10623830,02","11097920,7","17168305,4","12035033,15","11029513,53","11462195,25","11160180,78","11564342,24","10565684,37","13857096,39","13102530,77","12068753,58","12546418,16","12004964,26"
63,"10704589,98","11247325,49","11650231,63","11401278,52","11763670,22","11487672,42","10768462,66","12428331,46","10917795,67","15971718,52","12777160,42","15983264,77","12893462,67","12675487,63","13514803,77","11799033,73","13939853,95","12918251,86","12362147,6","12455914,16","13963940,27","13231672,11","15699489,92","13691604,74","13150053,58","13550467,15","14092997,66","10903253,54","11391475,34","17711352,59","12356487,78","11325838,37","11768308,57","11464656,21","11894083,76","10844394,18","14272440,08","13467731,84","12378788,47",12873470,"12312666,67"
64,"10981402,71","11551450,34","11968267,67","11701007,26","12079698,88","11793612,53","11038833,24","12783347,25","11210239,98","16422136,81","13123096,3","16440577,06","13230785,64","13020281,11","13900443,27","12112257,16","14312307,33","13266247,14","12684637,54","12793343,15","14337868,18","13598781,25","16130677,74","14037663,63","13518988,35","13938047,44","14502227,35","11182677,07","11685029,99","18254850,83","12678418,69","11622163,2","12074995,39","11769131,63","12225276,71","11123103,99","14689287,03","13832932,91","12568190,97","13075677,02","12499992,1"
65,"11148310,54","11725951,7","12150846,69","11882047,06","12263524,06","11977144,49","11210771,07","12988421,79","11383973,93","16758009,77","13350233,07","16783066,6","13448577,4","13226264,66","14150862,97","12311643,71","14581450,27","13505793,36","12899031,67","13013124,68","14619607,63","13836764,91","16460891,85","14280603,04","13762824,67","14189709,6","14761247,58","11352116,07","11860748,31","18627046,67","12868160,77","11795976,92","12255248,86","11946696,76","12411040,28","11289902,99","14954119,04","14080076,32","12750629,04","13269768,59","12680552,5"
66,"11315218,37","11900453,07","12333425,71","12063086,85","12447349,23","12160676,46","11382708,9","13193496,33","11557707,89","17093882,72","13577369,84","17125556,14","13666369,16","13432248,2","14401282,67","12511030,25","14850593,2","13745339,58","13113425,79","13232906,2","14901347,07","14074748,56","16791105,97","14523542,44",14006661,"14441371,76","15020267,81","11521555,08","12036466,63","18999242,51","13057902,84","11969790,63","12435502,33","12124261,88","12596803,85","11456701,99","15218951,04","14327219,74","12933067,12","13463860,15","12861112,9"
67,"11482126,21","12074954,43","12516004,73","12244126,64","12631174,41","12344208,42","11554646,73","13398570,88","11731441,84","17429755,68","13804506,61","17468045,68","13884160,92","13638231,74","14651702,38","12710416,8","15119736,14","13984885,79","13327819,91","13452687,72","15183086,52","14312732,22","17121320,08","14766481,84","14250497,32","14693033,91","15279288,03","11690994,08","12212184,95","19371438,36","13247644,92","12143604,35","12615755,8","12301827,01","12782567,42","11623500,99","15483783,04","14574363,15","13115505,19","13657951,72","13041673,31"
68,"11649034,04","12249455,79","12698583,76","12425166,44","12814999,59","12527740,39","11726584,56","13603645,42","11905175,8","17765628,64","14031643,38","17810535,22","14101952,68","13844215,28","14902122,08","12909803,34","15388879,07","14224432,01","13542214,04","13672469,24","15464825,97","14550715,88","17451534,19","15009421,24","14494333,65","14944696,07","15538308,26","11860433,09","12387903,27","19743634,2",13437387,"12317418,06","12796009,27","12479392,13","12968330,99","11790299,98","15748615,05","14821506,57","13297943,26","13852043,28","13222233,71"
69,"11815941,87","12423957,16","12881162,78","12606206,23","12998824,77","12711272,35","11898522,39","13808719,96","12078909,75","18101501,6","14258780,15","18153024,77","14319744,44","14050198,82","15152541,79","13109189,89","15658022,01","14463978,22","13756608,16","13892250,77","15746565,41","14788699,53","17781748,31","15252360,64","14738169,97","15196358,23","15797328,49","12029872,1","12563621,6","20115830,04","13627129,08","12491231,78","12976262,73","12656957,25","13154094,56","11957098,98","16013447,05","15068649,99","13480381,33","14046134,85","13402794,11"
70,"11982849,7","12598458,52","13063741,8","12787246,02","13182649,95","12894804,32","12070460,23","14013794,5","12252643,71","18437374,55","14485916,92","18495514,31","14537536,2","14256182,36","15402961,49","13308576,44","15927164,94","14703524,44","13971002,28","14112032,29","16028304,86","15026683,19","18111962,42","15495300,04","14982006,3","15448020,38","16056348,72","12199311,1","12739339,92","20488025,88","13816871,16","12665045,49","13156516,2","12834522,38","13339858,13","12123897,98","16278279,06","15315793,4","13662819,4","14240226,41","13583354,51"
71,"12149757,53","12772959,89","13246320,82","12968285,82","13366475,13","13078336,28","12242398,06","14218869,05","12426377,67","18773247,51","14713053,69","18838003,85","14755327,96","14462165,9","15653381,2","13507962,98","16196307,88","14943070,66","14185396,41","14331813,81","16310044,3","15264666,84","18442176,53","15738239,45","15225842,62","15699682,54","16315368,95","12368750,11","12915058,24","20860221,72","14006613,24","12838859,21","13336769,67","13012087,5","13525621,7","12290696,98","16543111,06","15562936,82","13845257,48","14434317,97","13763914,92"
72,"12316665,36","12947461,25","13428899,84","13149325,61","13550300,31","13261868,25","12414335,89","14423943,59","12600111,62","19109120,47","14940190,46","19180493,39","14973119,72","14668149,44","15903800,9","13707349,53","16465450,81","15182616,87","14399790,53","14551595,33","16591783,75","15502650,5","18772390,65","15981178,85","15469678,95","15951344,7","16574389,18","12538189,11","13090776,56","21232417,57","14196355,32","13012672,93","13517023,14","13189652,63","13711385,27","12457495,98","16807943,07","15810080,24","14027695,55","14628409,54","13944475,32"
73,"12483573,19","13121962,61","13611478,86","13330365,4","13734125,49","13445400,21","12586273,72","14629018,13","12773845,58","19444993,43","15167327,23","19522982,93","15190911,48","14874132,98","16154220,61","13906736,07","16734593,74","15422163,09","14614184,65","14771376,86","16873523,2","15740634,15","19102604,76","16224118,25","15713515,27","16203006,85","16833409,4","12707628,12","13266494,88","21604613,41","14386097,4","13186486,64","13697276,61","13367217,75","13897148,83","12624294,97","17072775,07","16057223,65","14210133,62","14822501,1","14125035,72"
74,"12650481,02","13296463,98","13794057,88","13511405,2","13917950,67","13628932,18","12758211,55","14834092,68","12947579,53","19780866,38",15394464,"19865472,47","15408703,24","15080116,52","16404640,31","14106122,62","17003736,68","15661709,3","14828578,78","14991158,38","17155262,64","15978617,81","19432818,87","16467057,65","15957351,6","16454669,01","17092429,63","12877067,12","13442213,2","21976809,25","14575839,48","13360300,36","13877530,08","13544782,87","14082912,4","12791093,97","17337607,08","16304367,07","14392571,69","15016592,67","14305596,12"
75,"12817388,85","13470965,34","13976636,9","13692444,99","14101775,85","13812464,14","12930149,38","15039167,22","13121313,49","20116739,34","15621600,77","20207962,02",15626495,"15286100,06","16655060,01","14305509,16","17272879,61","15901255,52","15042972,9","15210939,9","17437002,09","16216601,46","19763032,99","16709997,05","16201187,92","16706331,17","17351449,86","13046506,13","13617931,52","22349005,09","14765581,56","13534114,07","14057783,55",13722348,"14268675,97","12957892,97","17602439,08","16551510,48","14575009,76","15210684,23","14486156,53"
76,"12984296,68","13645466,7","14159215,92","13873484,78","14285601,03","13995996,11","13102087,21","15244241,76","13295047,44","20452612,3","15848737,54","20550451,56","15844286,76","15492083,6","16905479,72","14504895,71","17542022,55","16140801,73","15257367,03","15430721,42","17718741,53","16454585,12","20093247,1","16952936,46","16445024,25","16957993,32","17610470,09","13215945,13","13793649,85","22721200,93","14955323,64","13707927,79","14238037,02","13899913,12","14454439,54","13124691,97","17867271,08","16798653,9","14757447,84","15404775,8","14666716,93"
77,"13151204,52","13819968,07","14341794,94","14054524,58","14469426,21","14179528,07","13274025,04","15449316,3","13468781,4","20788485,26","16075874,31","20892941,1","16062078,52","15698067,14","17155899,42","14704282,26","17811165,48","16380347,95","15471761,15","15650502,94","18000480,98","16692568,78","20423461,21","17195875,86","16688860,57","17209655,48","17869490,32","13385384,14","13969368,17","23093396,77","15145065,71","13881741,5","14418290,49","14077478,25","14640203,11","13291490,97","18132103,09","17045797,32","14939885,91","15598867,36","14847277,33"
78,"13318112,35","13994469,43","14524373,96","14235564,37","14653251,39","14363060,04","13445962,87","15654390,85","13642515,36","21124358,21","16303011,08","21235430,64","16279870,28","15904050,68","17406319,13","14903668,8","18080308,42","16619894,17","15686155,27","15870284,47","18282220,43","16930552,43","20753675,33","17438815,26","16932696,9","17461317,63","18128510,55","13554823,14","14145086,49","23465592,62","15334807,79","14055555,22","14598543,96","14255043,37","14825966,68","13458289,96","18396935,09","17292940,73","15122323,98","15792958,93","15027837,73"
79,"13485020,18","14168970,8","14706952,98","14416604,16","14837076,56",14546592,"13617900,7","15859465,39","13816249,31","21460231,17","16530147,85","21577920,18","16497662,04","16110034,22","17656738,83","15103055,35","18349451,35","16859440,38","15900549,4","16090065,99","18563959,87","17168536,09","21083889,44","17681754,66","17176533,22","17712979,79","18387530,78","13724262,15","14320804,81","23837788,46","15524549,87","14229368,93","14778797,43","14432608,49","15011730,25","13625088,96","18661767,1","17540084,15","15304762,05","15987050,49","15208398,14"
80,"13651928,01","14343472,16",14889532,"14597643,96","15020901,74","14730123,97","13789838,53","16064539,93","13989983,27","21796104,13","16757284,62","21920409,72","16715453,8","16316017,76","17907158,54","15302441,89","18618594,29","17098986,6","16114943,52","16309847,51","18845699,32","17406519,74","21414103,55","17924694,06","17420369,54","17964641,95",18646551,"13893701,15","14496523,13","24209984,3","15714291,95","14403182,65","14959050,89","14610173,62","15197493,82","13791887,96","18926599,1","17787227,57","15487200,12","16181142,06","15388958,54"
81,"13818835,84","14517973,52","15072111,03","14778683,75","15204726,92","14913655,93","13961776,36","16269614,47","14163717,22","22131977,09","16984421,39","22262899,27","16933245,55","16522001,3","18157578,24","15501828,44","18887737,22","17338532,81","16329337,64","16529629,03","19127438,76","17644503,4","21744317,67","18167633,47","17664205,87","18216304,1","18905571,23","14063140,16","14672241,45","24582180,14","15904034,03","14576996,36","15139304,36","14787738,74","15383257,39","13958686,96","19191431,11","18034370,98","15669638,2","16375233,62","15569518,94"
82,"13985743,67","14692474,89","15254690,05","14959723,54","15388552,1","15097187,9","14133714,19","16474689,02","14337451,18","22467850,05","17211558,16","22605388,81","17151037,31","16727984,84","18407997,94","15701214,98","19156880,16","17578079,03","16543731,77","16749410,56","19409178,21","17882487,05","22074531,78","18410572,87","17908042,19","18467966,26","19164591,46","14232579,16","14847959,77","24954375,98","16093776,11","14750810,08","15319557,83","14965303,87","15569020,96","14125485,96","19456263,11","18281514,4","15852076,27","16569325,19","15750079,34"
83,"14152651,5","14866976,25","15437269,07","15140763,34","15572377,28","15280719,86","14305652,02","16679763,56","14511185,13",22803723,"17438694,93","22947878,35","17368829,07","16933968,38","18658417,65","15900601,53","19426023,09","17817625,25","16758125,89","16969192,08","19690917,65","18120470,71","22404745,89","18653512,27","18151878,52","18719628,42","19423611,69","14402018,17","15023678,1","25326571,83","16283518,19","14924623,79","15499811,3","15142868,99","15754784,52","14292284,95","19721095,12","18528657,81","16034514,34","16763416,75","15930639,75"
84,"14319559,33","15041477,62","15619848,09","15321803,13","15756202,46","15464251,83","14477589,85","16884838,1","14684919,09","23139595,96","17665831,7","23290367,89","17586620,83","17139951,92","18908837,35","16099988,08","19695166,03","18057171,46","16972520,01","17188973,6","19972657,1","18358454,36","22734960,01","18896451,67","18395714,84","18971290,57","19682631,92","14571457,17","15199396,42","25698767,67","16473260,27","15098437,51","15680064,77","15320434,11","15940548,09","14459083,95","19985927,12","18775801,23","16216952,41","16957508,32","16111200,15"
85,"14486467,16","15215978,98","15802427,11","15502842,92","15940027,64","15647783,79","14649527,68","17089912,64","14858653,04","23475468,92","17892968,47","23632857,43","17804412,59","17345935,46","19159257,06","16299374,62","19964308,96","18296717,68","17186914,14","17408755,12","20254396,55","18596438,02","23065174,12","19139391,07","18639551,17","19222952,73","19941652,15","14740896,18","15375114,74","26070963,51","16663002,35","15272251,22","15860318,24","15497999,24","16126311,66","14625882,95","20250759,12","19022944,65","16399390,48","17151599,88","16291760,55"
